"Country,Other",TotalCases,NewCases,TotalDeaths,NewDeaths,TotalRecovered,NewRecovered,ActiveCases,"Serious,Critical",Tot Cases/1M pop,Deaths/1M pop,TotalTests,Tests/1M pop,Population,Continent,1 Caseevery X ppl,1 Deathevery X ppl,1 Testevery X ppl,New Cases/1M pop,New Deaths/1M pop,Active Cases/1M pop
China,203334,2680,4776,51,169380,2982,29178,274,141,3,160000000,111163,1439323776,Asia,7079,301366,9,2.0,0.04,20.0
USA,82747175,38858,1018718,186,80506860,41509,1221597,1415,247359,3045,1001729381,2994507,334522343,North America,4,328,0,116.0,0.6,3652.0
India,43062097,2011,522223,0,42523311,1970,16563,698,30658,372,834717702,594272,1404606308,Asia,33,2690,2,1.0,0.0,12.0
Brazil,30355919,6456,662777,76,29411813,27459,281329,8318,140994,3078,63776166,296221,215299307,South America,7,325,3,30.0,0.4,1307.0
France,28317915,13984,145257,197,26083461,202981,2089197,1677,432101,2216,266484045,4066260,65535419,Europe,2,451,0,213.0,3.0,31879.0
Germany,24227680,86980,134817,171,21425200,182200,2667663,1980,287502,1600,122332384,1451676,84269739,Europe,3,625,1,1032.0,2.0,31656.0
UK,21978198,10582,173693,114,20955075,172725,849430,339,320697,2534,514985782,7514457,68532664,Europe,3,395,0,154.0,2.0,12395.0
Russia,18144788,7651,375061,159,17483483,8855,286244,2300,124239,2568,273400000,1871988,146047929,Europe,8,389,1,52.0,1.0,1960.0
S. Korea,16929564,34370,22243,110,0,0,0,668,329695,433,15804065,307776,51349193,Asia,3,2309,3,669.0,2.0,310381.0
Italy,16161748,25287,162781,93,14755958,26738,1243009,416,268020,2699,211830644,3512910,60300620,Europe,4,370,0,419.0,2.0,20614.0
Turkey,15021151,2604,98706,15,14888995,18573,33450,975,174696,1148,158372522,1841870,85984643,Asia,6,871,1,30.0,0.2,389.0
Spain,11821601,11855,104148,80,11323230,24217,394223,339,252665,2226,471036328,10067543,46787616,Europe,4,449,0,253.0,2.0,8426.0
Vietnam,10611772,7445,43021,8,9092760,6685,1475991,664,107269,435,85791014,867218,98926693,Asia,9,2299,1,75.0,0.08,14920.0
Argentina,9072230,0,128542,0,8895999,0,47689,372,197446,2798,35716069,777318,45947798,South America,5,357,1,0.0,0.0,1038.0
Netherlands,8040573,1356,22228,7,7706644,63124,311701,78,467377,1292,21107399,1226916,17203621,Europe,2,774,1,79.0,0.4,18118.0
Japan,7660012,38450,29308,24,7178748,43345,451956,191,60903,233,46754605,371734,125774445,Asia,16,4291,3,306.0,0.2,3593.0
Iran,7217117,1077,140996,21,6969470,2516,106651,1031,83976,1641,50862245,591819,85942224,Asia,12,610,2,13.0,0.2,1241.0
Colombia,6091551,208,139780,2,5925040,295,26731,342,117447,2695,34388490,663022,51866293,South America,9,371,2,4.0,0.04,515.0
Indonesia,6044467,317,156133,33,5875083,4664,13251,2771,21683,560,95024563,340873,278768157,Asia,46,1785,3,1.0,0.1,48.0
Poland,5991464,267,115948,0,5334380,6,541136,1588,158624,3070,36032893,953972,37771451,Europe,6,326,1,7.0,0.0,14327.0
Mexico,5733785,271,324129,12,5034427,535,375229,4798,43640,2467,15766174,119996,131389028,North America,23,405,8,2.0,0.09,2856.0
Australia,5720127,30750,7002,13,5353033,39811,360092,132,219698,269,68886938,2645798,26036353,Australia/Oceania,5,3718,0,1181.0,0.5,13830.0
Ukraine,4998517,224,108329,3,0,0,0,177,115553,2504,19521252,451281,43257407,Europe,9,399,2,5.0,0.07,19238.0
Malaysia,4433551,2478,35507,8,4330037,9215,68007,98,133872,1072,58425629,1764171,33117890,Asia,7,933,1,75.0,0.2,2053.0
Thailand,4180868,14994,27902,124,3978469,23524,174497,1496,59627,398,17270775,246312,70117577,Asia,17,2513,4,214.0,2.0,2489.0
Austria,4108970,4111,18054,7,3998778,8918,92138,124,451556,1984,181910461,19991077,9099583,Europe,2,504,0,452.0,0.8,10126.0
Israel,4062278,4506,10673,3,4022613,13461,28992,220,435586,1144,41373364,4436346,9326000,Asia,2,874,0,483.0,0.3,3109.0
Belgium,4036113,2645,31382,15,3739914,13457,264817,156,345525,2687,33531891,2870614,11681086,Europe,3,372,0,226.0,1.0,22671.0
Czechia,3896154,592,40100,5,3840761,2796,15293,42,362601,3732,55122500,5130057,10745007,Europe,3,268,0,55.0,0.5,1423.0
Portugal,3791744,0,22162,0,0,0,0,61,373836,2185,41038444,4046066,10142802,Europe,3,458,0,0.0,0.0,88083.0
South Africa,3764865,1954,100333,30,3634446,1149,30086,175,62060,1654,24332659,401102,60664519,Africa,16,605,2,32.0,0.5,496.0
Canada,3706887,7204,38847,64,3431944,2670,236096,471,96679,1013,60625588,1581171,38342208,North America,10,987,1,188.0,2.0,6158.0
Philippines,3684712,213,60194,12,3611879,1221,12639,289,32833,536,29446030,262383,112225532,Asia,30,1864,4,2.0,0.1,113.0
Switzerland,3600181,1480,13835,4,3395378,16871,190968,90,410539,1578,20666182,2356627,8769392,Europe,2,634,0,169.0,0.5,21777.0
Peru,3561677,801,212761,19,0,0,0,353,105361,6294,29673543,877796,33804616,South America,9,159,1,24.0,0.6,48167.0
Chile,3547977,1484,57376,1,3385643,7448,104958,263,182756,2955,36787580,1894924,19413751,South America,5,338,1,76.0,0.05,5406.0
Greece,3285970,8413,28933,66,3178081,26364,78956,279,318077,2801,79010158,7648059,10330747,Europe,3,357,0,814.0,6.0,7643.0
Denmark,2960882,910,6105,21,2932403,1686,22374,15,507941,1047,127159230,21814223,5829189,Europe,2,955,0,156.0,4.0,3838.0
Romania,2888639,321,65428,1,2606660,0,216551,221,151993,3443,22601950,1189262,19005028,Europe,7,290,1,17.0,0.05,11394.0
Sweden,2498388,0,18656,0,2465572,1151,14160,19,244617,1827,18493218,1810672,10213458,Europe,4,547,1,0.0,0.0,1386.0
Iraq,2324384,161,25207,2,2296548,278,2629,27,55530,602,18457500,440950,41858482,Asia,18,1661,2,4.0,0.05,63.0
Serbia,2002353,699,15960,4,1969132,0,17261,30,230857,1840,9439734,1088334,8673560,Europe,4,543,1,81.0,0.5,1990.0
Bangladesh,1952583,27,29127,0,1893759,299,29697,1297,11646,174,13968195,83310,167664530,Asia,86,5756,12,0.2,0.0,177.0
Hungary,1894278,3325,46101,53,1788191,11574,59986,40,196995,4794,11315178,1176718,9615875,Europe,5,209,1,346.0,6.0,6238.0
Slovakia,1775178,370,19852,13,1731726,1014,23600,88,324860,3633,7059789,1291952,5464437,Europe,3,275,1,68.0,2.0,4319.0
Jordan,1694216,0,14048,0,1678941,0,1227,124,163112,1352,16670254,1604946,10386802,Asia,6,739,1,0.0,0.0,118.0
Georgia,1654313,58,16800,0,1636004,213,1509,0,416150,4226,16811448,4228994,3975283,Asia,2,237,0,15.0,0.0,380.0
Pakistan,1527956,100,30369,0,1494141,143,3446,187,6682,133,28066952,122741,228667501,Asia,150,7530,8,0.4,0.0,15.0
Ireland,1512812,1058,7016,20,1423678,7729,82118,43,300292,1393,12033762,2388695,5037798,Europe,3,718,0,210.0,4.0,16300.0
Norway,1424180,551,2871,0,0,0,0,20,259031,522,11002430,2001130,5498109,Europe,4,1915,0,100.0,0.0,242330.0
Kazakhstan,1305465,8,13660,0,1290997,9,808,24,68050,712,11575012,603370,19183944,Asia,15,1404,2,0.4,0.0,42.0
Hong Kong,1202291,431,9267,18,0,0,0,115,158045,1218,44972952,5911837,7607272,Asia,6,821,0,57.0,2.0,155087.0
Singapore,1184226,2058,1331,6,1115829,3067,67066,7,199574,224,23712995,3996275,5933774,Asia,5,4458,0,347.0,1.0,11302.0
Morocco,1164717,17,16066,1,1148272,47,379,293,30891,426,11237010,298034,37703827,Africa,32,2347,3,0.5,0.03,10.0
Bulgaria,1153506,377,36856,2,960286,693,156364,108,168306,5378,9803875,1430467,6853618,Europe,6,186,1,55.0,0.3,22815.0
Croatia,1117822,87,15790,8,1098112,664,3920,24,275368,3890,4766333,1174156,4059368,Europe,4,257,1,21.0,2.0,966.0
Cuba,1101968,237,8525,0,1092199,298,1244,23,97398,753,12920253,1141962,11314080,North America,10,1327,1,21.0,0.0,110.0
Lebanon,1096462,56,10378,3,1079455,0,6629,186,161958,1533,4795578,708354,6770027,Asia,6,652,1,8.0,0.4,979.0
Lithuania,1054881,261,9077,11,1017372,869,28432,31,397552,3421,8219492,3097672,2653442,Europe,3,292,0,98.0,4.0,10715.0
Tunisia,1039532,0,28533,0,0,0,0,29,86319,2369,4563397,378930,12042858,Africa,12,422,3,0.0,0.0,-1064.12
Slovenia,1004836,364,6582,4,981840,540,16414,30,483221,3165,2641294,1270185,2079456,Europe,2,316,1,175.0,2.0,7893.0
Finland,1000472,0,3638,0,46000,0,950834,31,180060,655,10644579,1915758,5556328,Europe,6,1527,1,0.0,0.0,171126.0
Nepal,978762,19,11951,0,966540,17,271,0,32531,397,5620394,186806,30086842,Asia,31,2518,5,0.6,0.0,9.0
Belarus,977962,149,6928,2,928536,0,42498,0,103557,734,13108317,1388051,9443687,Europe,10,1363,1,16.0,0.2,4500.0
Bolivia,904479,33,21908,0,855804,316,26767,220,75614,1832,2693845,225205,11961722,South America,13,546,4,3.0,0.0,2238.0
UAE,897351,215,2302,0,880145,358,14904,0,88784,228,154699849,15306095,10107075,Asia,11,4391,0,21.0,0.0,1475.0
Uruguay,895775,0,7197,0,886654,0,1924,18,256261,2059,6091188,1742550,3495560,South America,4,486,1,0.0,0.0,550.0
New Zealand,890039,5750,644,8,830557,6285,58838,0,177933,129,6983031,1396020,5002100,Australia/Oceania,6,7767,1,1150.0,2.0,11763.0
Ecuador,868285,0,35581,0,0,0,0,759,47895,1963,2470170,136257,18128779,South America,21,510,7,0.0,0.0,21448.0
Costa Rica,851363,342,8404,2,832409,543,10550,43,164404,1623,4240743,818919,5178467,North America,6,616,1,66.0,0.4,2037.0
Guatemala,842653,81,17525,5,822744,203,2384,5,45509,946,4417854,238592,18516348,North America,22,1057,4,4.0,0.3,129.0
Latvia,817439,123,5744,1,803310,175,8385,9,442242,3108,7155876,3871398,1848396,Europe,2,322,0,67.0,0.5,4536.0
Azerbaijan,792496,0,9707,0,782646,0,143,0,76905,942,6794952,659391,10304893,Asia,13,1062,2,0.0,0.0,14.0
Panama,772086,267,8182,0,760466,267,3438,8,173975,1844,5835793,1314987,4437910,North America,6,542,1,60.0,0.0,775.0
Saudi Arabia,753526,109,9079,1,740871,199,3576,43,21050,254,41838185,1168768,35796840,Asia,48,3943,1,3.0,0.03,100.0
Sri Lanka,663195,64,16502,0,646109,3535,584,0,30738,765,6486117,300616,21576057,Asia,33,1307,3,3.0,0.0,27.0
Paraguay,649034,0,18795,0,624673,0,5566,5,89014,2578,2623300,359780,7291397,South America,11,388,3,0.0,0.0,763.0
Kuwait,631294,0,2555,0,627899,0,840,8,143964,583,7999656,1824290,4385079,Asia,7,1716,1,0.0,0.0,192.0
Myanmar,612770,21,19434,0,591666,33,1670,0,11127,353,7907676,143590,55071224,Asia,90,2834,7,0.4,0.0,30.0
Palestine,581940,0,5353,0,576242,0,345,17,109462,1007,3078533,579068,5316355,Asia,9,993,2,0.0,0.0,65.0
Dominican Republic,579114,0,4376,0,574446,0,292,14,52431,396,3265645,295663,11045164,North America,19,2524,3,0.0,0.0,26.0
Estonia,570402,145,2533,2,507736,262,60133,4,429470,1907,3313522,2494835,1328153,Europe,2,524,0,109.0,2.0,45276.0
Bahrain,566679,407,1475,0,561648,427,3556,1,313302,815,9703058,5364561,1808733,Asia,3,1226,0,225.0,0.0,1966.0
Venezuela,522234,58,5706,0,515537,74,991,230,18460,202,3359014,118736,28289854,South America,54,4958,8,2.0,0.0,35.0
Moldova,516986,0,11489,0,504142,0,1355,49,128701,2860,3216305,800681,4016964,Europe,8,350,1,0.0,0.0,337.0
Egypt,515645,0,24613,0,442182,0,48850,122,4872,233,3693367,34898,105833319,Africa,205,4300,29,0.0,0.0,462.0
Libya,501904,0,6430,0,490973,0,4501,101,71286,913,2477219,351842,7040705,Africa,14,1095,3,0.0,0.0,639.0
Cyprus,470481,0,1011,0,124370,0,345100,60,384601,826,9477138,7747209,1223297,Asia,3,1210,0,0.0,0.0,282106.0
Ethiopia,470442,8,7510,0,454975,8,7957,15,3916,63,4768333,39695,120124639,Africa,255,15995,25,0.07,0.0,66.0
Mongolia,469595,15,2177,0,313256,0,154162,192,139180,645,4030048,1194441,3374002,Asia,7,1550,1,4.0,0.0,45691.0
Armenia,422828,3,8622,0,410571,13,3635,0,142209,2900,3037290,1021526,2973286,Asia,7,345,1,1.0,0.0,1223.0
Honduras,422275,0,10892,0,131100,0,280283,105,41439,1069,1263329,123975,10190206,North America,24,936,8,0.0,0.0,27505.0
Oman,389074,21,4258,1,384172,27,644,4,72833,797,25000000,4679893,5342003,Asia,14,1255,0,4.0,0.2,121.0
Bosnia and Herzegovina,376841,77,15762,4,192218,0,168861,0,116172,4859,1754925,541005,3243821,Europe,9,206,2,24.0,1.0,52056.0
Réunion,374295,0,742,0,355605,0,17948,10,412720,818,1603660,1768291,906898,Africa,2,1222,1,0.0,0.0,19791.0
Qatar,364300,113,677,0,362776,102,847,2,129745,241,3426742,1220434,2807805,Asia,8,4147,1,40.0,0.0,302.0
Kenya,323718,9,5649,0,317919,10,150,0,5789,101,3586406,64137,55918167,Africa,173,9899,16,0.2,0.0,3.0
Zambia,319316,332,3976,2,314524,449,816,0,16530,206,3416956,176889,19316962,Africa,60,4858,6,17.0,0.1,42.0
North Macedonia,309208,146,9276,5,299302,238,630,0,148428,4453,2011275,965465,2083219,Europe,7,225,1,70.0,2.0,302.0
Botswana,305859,0,2688,0,303026,0,145,1,125470,1103,2026898,831481,2437697,Africa,8,907,1,0.0,0.0,59.0
Albania,274834,6,3496,0,270916,23,422,2,95691,1217,1800323,626832,2872099,Europe,10,822,2,2.0,0.0,147.0
Algeria,265771,4,6875,0,178349,3,80547,6,5869,152,230861,5098,45286524,Africa,170,6587,196,0.09,0.0,1779.0
Nigeria,255685,0,3143,0,249890,0,2652,11,1187,15,5036813,23384,215399392,Africa,842,68533,43,0.0,0.0,12.0
Zimbabwe,247598,44,5468,0,241460,34,670,12,16230,358,2243803,147084,15255204,Africa,62,2790,7,3.0,0.0,44.0
Uzbekistan,238503,34,1637,0,236515,32,351,23,6944,48,1377915,40116,34348650,Asia,144,20983,25,1.0,0.0,10.0
Luxembourg,235276,1310,1062,4,224212,2711,10002,1,365085,1648,4217884,6545027,644441,Europe,3,607,0,2033.0,6.0,15520.0
Montenegro,234760,53,2713,0,231409,33,638,6,373697,4319,2446294,3894070,628210,Europe,3,232,0,84.0,0.0,1016.0
Mozambique,225366,1,2201,0,223106,2,59,13,6862,67,1310291,39896,32842294,Africa,146,14922,25,0.03,0.0,2.0
Laos,205499,229,734,2,7660,0,197105,0,27521,98,1232128,165010,7466975,Asia,36,10173,6,31.0,0.3,26397.0
Kyrgyzstan,200990,7,2991,0,196386,0,1613,131,29912,445,1907195,283837,6719339,Asia,33,2247,4,1.0,0.0,240.0
Iceland,185254,32,114,0,75685,0,109455,0,536565,330,1953616,5658407,345259,Europe,2,3029,0,93.0,0.0,317023.0
Maldives,179171,288,298,0,163687,0,15186,25,321208,534,2213831,3968840,557803,Asia,3,1872,0,516.0,0.0,27225.0
Afghanistan,178745,56,7683,1,161790,42,9272,1124,4412,190,941314,23232,40517414,Asia,227,5274,43,1.0,0.02,229.0
Uganda,164069,0,3596,0,100205,0,60268,2,3393,74,2612795,54030,48358437,Africa,295,13448,19,0.0,0.0,1246.0
El Salvador,162089,0,4128,1,150662,0,7299,8,24763,631,1950448,297981,6545552,North America,40,1586,3,0.0,0.2,1115.0
Ghana,161157,33,1445,0,159669,14,43,1,4997,45,2434977,75506,32248654,Africa,200,22317,13,1.0,0.0,1.0
Namibia,158379,21,4025,0,153662,0,692,0,60350,1534,1002457,381987,2624324,Africa,17,652,3,8.0,0.0,264.0
Martinique,151358,0,922,0,104,0,150332,8,403905,2460,828928,2212026,374737,North America,2,406,0,0.0,0.0,401167.0
Trinidad and Tobago,145021,458,3816,3,134078,244,7127,18,103019,2711,697725,495647,1407706,North America,10,369,2,325.0,2.0,5063.0
Brunei ,141269,150,218,0,140052,170,999,0,317405,490,717784,1612726,445075,Asia,3,2042,1,337.0,0.0,2245.0
Guadeloupe,140130,0,854,0,2250,0,137026,19,350108,2134,938039,2343644,400248,North America,3,469,0,0.0,0.0,342353.0
Cambodia,136228,12,3056,0,132945,24,227,0,7949,178,2946965,171950,17138485,Asia,126,5608,6,0.7,0.0,13.0
Rwanda,129767,0,1458,0,45522,0,82787,0,9588,108,5233320,386676,13534118,Africa,104,9283,3,0.0,0.0,6117.0
Jamaica,129632,70,2948,0,83068,62,43616,0,43434,988,987440,330845,2984604,North America,23,1012,3,23.0,0.0,14614.0
Cameroon,119780,0,1927,0,117791,0,62,13,4317,69,1751774,63142,27743456,Africa,232,14397,16,0.0,0.0,2.0
Angola,99194,0,1900,0,97149,0,145,0,2857,55,1499795,43198,34718761,Africa,350,18273,23,0.0,0.0,4.0
Malta,90773,178,692,4,85151,505,4930,4,204593,1560,1874109,4224058,443675,Europe,5,641,0,401.0,9.0,11112.0
DRC,87023,0,1337,0,50930,0,34756,0,921,14,846704,8960,94495223,Africa,1086,70677,112,0.0,0.0,368.0
Senegal,85989,1,1967,0,84006,2,16,0,4901,112,1065534,60736,17543574,Africa,204,8919,16,0.06,0.0,0.9
Malawi,85747,0,2633,0,81938,0,1176,67,4282,131,571585,28542,20025820,Africa,234,7606,35,0.0,0.0,59.0
Ivory Coast,81898,11,799,0,81073,12,26,0,2971,29,1496066,54280,27562125,Africa,337,34496,18,0.4,0.0,0.9
French Guiana,80422,0,394,0,11254,0,68774,1,257176,1260,622646,1991116,312712,South America,4,794,1,0.0,0.0,219928.0
Suriname,79302,0,1327,0,49396,0,28579,0,133021,2226,235824,395570,596163,South America,8,449,3,0.0,0.0,47938.0
Channel Islands,73776,167,167,1,72350,291,1259,0,417358,945,1252808,7087261,176769,Europe,2,1058,0,945.0,6.0,7122.0
French Polynesia,72678,30,648,0,0,0,0,7,256041,2283,0,0,283853,Australia/Oceania,4,438,0,106.0,0.0,135739.0
Eswatini,70303,9,1397,0,68813,25,93,11,59481,1182,1013012,857071,1181946,Africa,17,846,1,8.0,0.0,79.0
Barbados,67934,323,390,1,64319,358,3225,0,235871,1354,642390,2230420,288013,North America,4,738,0,1121.0,3.0,11197.0
Fiji,64535,2,862,0,62690,6,983,0,71056,949,506984,558215,908224,Australia/Oceania,14,1054,2,2.0,0.0,1082.0
Madagascar,64152,0,1391,0,59370,0,3391,14,2214,48,422372,14574,28981167,Africa,452,20835,69,0.0,0.0,117.0
Guyana,63420,4,1228,0,62112,7,80,1,79931,1548,591338,745289,793434,South America,13,646,1,5.0,0.0,101.0
Sudan,62093,0,4930,0,0,0,0,0,1359,108,562941,12317,45704894,Africa,736,9271,81,0.0,0.0,368.0
Taiwan,61683,5218,856,0,24010,281,36817,0,2581,36,14343527,600275,23894942,Asia,387,27915,2,218.0,0.0,1541.0
New Caledonia,60421,0,312,0,60064,0,45,9,208008,1074,98964,340697,290475,Australia/Oceania,5,931,3,0.0,0.0,155.0
Mauritania,58685,2,982,0,57694,1,9,0,12047,202,800513,164338,4871149,Africa,83,4960,6,0.4,0.0,2.0
Bhutan,57909,138,20,0,54567,1487,3322,3,73581,25,2287623,2906712,787014,Asia,14,39351,0,175.0,0.0,4221.0
Belize,57454,35,676,0,56562,28,216,6,139888,1646,536698,1306744,410714,North America,7,608,1,85.0,0.0,526.0
Cabo Verde,56008,4,401,0,55541,3,66,23,98791,707,400982,707278,566937,Africa,10,1414,1,7.0,0.0,116.0
Syria,55799,2,3150,0,52111,10,538,0,3054,172,146269,8005,18271174,Asia,327,5800,125,0.1,0.0,29.0
Gabon,47597,0,303,0,47282,0,12,0,20508,131,1592483,686143,2320921,Africa,49,7660,1,0.0,0.0,5.0
Papua New Guinea,43732,0,649,0,43025,0,58,7,4726,70,249149,26923,9254257,Australia/Oceania,212,14259,37,0.0,0.0,6.0
Seychelles,42079,0,165,0,41260,0,654,0,423113,1659,0,0,99451,Africa,2,603,0,0.0,0.0,6576.0
Curaçao,41966,0,273,0,41251,0,442,3,253862,1651,496693,3004616,165310,North America,4,606,0,0.0,0.0,2674.0
Andorra,41013,0,153,0,40343,0,517,14,529275,1974,249838,3224174,77489,Europe,2,506,0,0.0,0.0,6672.0
Burundi,39144,0,38,0,773,0,38333,0,3123,3,345742,27588,12532506,Africa,320,329803,36,0.0,0.0,3059.0
Mauritius,37544,12,990,0,35738,82,816,0,29433,776,358675,281183,1275595,Africa,34,1288,4,9.0,0.0,640.0
Mayotte,37038,0,187,0,2964,0,33887,0,130074,657,176919,621324,284745,Africa,8,1523,2,0.0,0.0,119008.0
Togo,36979,2,273,0,36688,9,18,0,4285,32,728536,84415,8630398,Africa,233,31613,12,0.2,0.0,2.0
Guinea,36459,0,440,0,35976,0,43,8,2646,32,660107,47909,13778348,Africa,378,31314,21,0.0,0.0,3.0
Faeroe Islands,34658,0,28,0,7693,0,26937,5,704431,569,778000,15813008,49200,Europe,1,1757,0,0.0,0.0,547500.0
Aruba,34589,0,212,0,34251,0,126,2,321495,1970,177885,1653391,107588,North America,3,507,1,0.0,0.0,1171.0
Tanzania,33864,0,803,0,0,0,0,7,539,13,0,0,62817445,Africa,1855,78228,0,0.0,0.0,523.0
Bahamas,33488,5,789,0,32315,5,384,11,83708,1972,229817,574459,400058,North America,12,507,2,12.0,0.0,960.0
Lesotho,32910,0,697,0,24155,0,8058,0,15145,321,431221,198441,2173043,Africa,66,3118,5,0.0,0.0,3708.0
Mali,30752,12,731,0,29828,15,193,0,1443,34,664653,31193,21307810,Africa,693,29149,32,0.6,0.0,9.0
Haiti,30640,0,835,0,29389,0,416,0,2629,72,132422,11362,11654566,North America,380,13958,88,0.0,0.0,36.0
Isle of Man,28416,0,87,0,26794,0,1535,0,331000,1013,150753,1756025,85849,Europe,3,987,1,0.0,0.0,17880.0
Benin,26952,0,163,0,25506,0,1283,5,2122,13,604310,47588,12698671,Africa,471,77906,21,0.0,0.0,101.0
Somalia,26485,0,1350,0,13182,0,11953,0,1586,81,400466,23985,16696753,Africa,630,12368,42,0.0,0.0,716.0
Congo,24079,0,385,0,20178,0,3516,0,4177,67,347815,60340,5764250,Africa,239,14972,17,0.0,0.0,610.0
Saint Lucia,23285,46,368,0,22765,29,152,1,125764,1988,142871,771654,185149,North America,8,503,1,248.0,0.0,821.0
Timor-Leste,22860,0,130,0,22714,0,16,0,16760,95,261459,191690,1363967,Asia,60,10492,5,0.0,0.0,12.0
Cayman Islands,21755,0,26,0,8553,0,13176,1,324116,387,222773,3318976,67121,North America,3,2582,0,0.0,0.0,196302.0
Burkina Faso,20853,0,382,0,20439,0,32,0,950,17,248995,11348,21942002,Africa,1052,57440,88,0.0,0.0,1.0
Nicaragua,18491,0,225,0,4225,0,14041,0,2732,33,0,0,6767463,North America,366,30078,0,0.0,0.0,2075.0
Gibraltar,17706,0,102,0,16579,0,1025,0,525822,3029,534283,15866807,33673,Europe,2,330,0,0.0,0.0,30440.0
South Sudan,17443,21,138,0,13514,0,3791,1,1526,12,378620,33120,11431684,Africa,655,82838,30,2.0,0.0,332.0
Tajikistan,17388,0,124,0,17264,0,0,0,1752,12,0,0,9925932,Asia,571,80048,0,0.0,0.0,0.0
Liechtenstein,17105,2,85,0,16873,42,147,0,446303,2218,102174,2665919,38326,Europe,2,451,0,52.0,0.0,3836.0
San Marino,16186,46,114,0,15702,40,370,4,475220,3347,149271,4382590,34060,Europe,2,299,0,1351.0,0.0,10863.0
Equatorial Guinea,15907,0,183,0,15698,0,26,5,10701,123,310972,209198,1486499,Africa,93,8123,5,0.0,0.0,17.0
Djibouti,15611,0,189,0,15411,0,11,0,15395,186,303924,299713,1014049,Africa,65,5365,3,0.0,0.0,11.0
CAR,14649,0,113,0,6859,0,7677,2,2940,23,81294,16318,4982002,Africa,340,44089,61,0.0,0.0,1541.0
Grenada,14428,0,220,0,13945,0,263,4,127155,1939,148567,1309330,113468,North America,8,516,1,0.0,0.0,2318.0
Solomon Islands,14182,0,140,0,12763,0,1279,2,19768,195,5117,7133,717413,Australia/Oceania,51,5124,140,0.0,0.0,1783.0
Bermuda,13143,0,131,0,12719,0,293,0,212460,2118,866313,14004187,61861,North America,5,472,0,0.0,0.0,4736.0
Dominica,12011,0,63,0,11926,0,22,0,166104,871,187690,2595630,72310,North America,6,1148,0,0.0,0.0,304.0
Gambia,11995,0,365,0,11591,0,39,0,4723,144,155686,61301,2539702,Africa,212,6958,16,0.0,0.0,15.0
Greenland,11971,0,21,0,2761,0,9189,4,210206,369,164926,2896030,56949,North America,5,2712,0,0.0,0.0,161355.0
Yemen,11818,0,2149,0,9009,0,660,23,381,69,265253,8552,31016634,Asia,2625,14433,117,0.0,0.0,21.0
Monaco,11632,27,54,0,11464,68,114,4,292658,1359,54960,1382781,39746,Europe,3,736,1,679.0,0.0,2868.0
Saint Martin,10279,0,63,0,1399,0,8817,7,257871,1580,112382,2819347,39861,North America,4,633,0,0.0,0.0,221194.0
Sint Maarten,10018,16,86,0,9859,9,73,10,228936,1965,62056,1418131,43759,North America,4,509,1,366.0,0.0,1668.0
Tonga,9799,102,11,0,8427,121,1361,0,90843,102,408213,3784410,107867,Australia/Oceania,11,9806,0,946.0,0.0,12617.0
Eritrea,9733,0,103,0,9629,0,1,0,2677,28,23693,6517,3635414,Africa,374,35295,153,0.0,0.0,0.3
Caribbean Netherlands,9711,119,34,0,9579,187,98,0,364185,1275,30126,1129796,26665,North America,3,784,1,4463.0,0.0,3675.0
Niger,8916,2,309,0,8508,0,99,1,346,12,249437,9670,25794115,Africa,2893,83476,103,0.08,0.0,4.0
Guinea-Bissau,8186,1,171,0,7528,13,487,6,3989,83,133360,64981,2052305,Africa,251,12002,15,0.5,0.0,237.0
Comoros,8100,0,160,0,7933,0,7,0,8968,177,0,0,903178,Africa,112,5645,0,0.0,0.0,8.0
Sierra Leone,7681,0,125,0,0,0,0,0,929,15,259958,31430,8271035,Africa,1077,66168,32,0.0,0.0,331.0
Antigua and Barbuda,7571,0,135,0,7402,0,34,1,76168,1358,18901,190153,99399,North America,13,736,5,0.0,0.0,342.0
Liberia,7432,0,294,0,5747,0,1391,2,1409,56,139824,26516,5273137,Africa,710,17936,38,0.0,0.0,264.0
Chad,7411,15,193,0,4874,0,2344,0,429,11,191341,11073,17279986,Africa,2332,89534,90,0.9,0.0,136.0
Samoa,7185,0,13,0,1605,0,5567,3,35781,65,53893,268385,200805,Australia/Oceania,28,15447,4,0.0,0.0,27723.0
Vanuatu,6864,9,13,1,6405,21,446,5,21440,41,24976,78012,320154,Australia/Oceania,47,24627,13,28.0,3.0,1393.0
St. Vincent Grenadines,6779,0,106,0,6641,0,32,0,60755,950,98860,886009,111579,North America,16,1053,1,0.0,0.0,287.0
British Virgin Islands,6296,0,62,0,0,0,0,1,205779,2026,102862,3361943,30596,North America,5,493,0,0.0,0.0,3105.0
Sao Tome and Principe,5957,4,73,0,5880,5,4,0,26296,322,29036,128173,226537,Africa,38,3103,8,18.0,0.0,18.0
Turks and Caicos,5941,0,36,0,5862,0,43,4,149772,908,478593,12065268,39667,North America,7,1102,0,0.0,0.0,1084.0
Saint Kitts and Nevis,5562,1,43,0,5518,1,1,0,103227,798,65141,1208979,53881,North America,10,1253,1,19.0,0.0,19.0
Cook Islands,4727,0,1,1,3990,0,736,0,268686,57,15740,894674,17593,Australia/Oceania,4,17593,1,0.0,57.0,41835.0
St. Barth,4432,0,6,0,0,0,0,0,446234,604,78646,7918445,9932,North America,2,1655,0,0.0,0.0,399114.0
Palau,4396,0,6,0,3879,0,511,1,240877,329,45500,2493151,18250,Australia/Oceania,4,3042,0,0.0,0.0,28000.0
Kiribati,3080,4,13,0,2599,2,468,3,25087,106,0,0,122772,Australia/Oceania,40,9444,0,33.0,0.0,3812.0
Anguilla,2731,0,9,0,2716,0,6,4,179129,590,51382,3370195,15246,North America,6,1694,0,0.0,0.0,394.0
Saint Pierre Miquelon,2641,0,1,0,2449,0,191,1,459864,174,22941,3994602,5743,North America,2,5743,0,0.0,0.0,33258.0
Diamond Princess,712,0,13,0,699,0,0,0,0,0,0,0,0,,0,0,0,0.0,0.0,0.0
Wallis and Futuna,454,0,7,0,438,0,9,0,41720,643,20508,1884580,10882,Australia/Oceania,24,1555,1,0.0,0.0,827.0
Montserrat,207,18,2,0,174,0,31,0,41425,400,9716,1944367,4997,North America,24,2499,1,3602.0,0.0,6204.0
Falkland Islands,128,0,0,0,0,0,0,0,34934,0,8632,2355895,3664,South America,29,0,0,0.0,0.0,1092.0
Macao,82,0,0,0,82,0,0,0,123,0,5375,8078,665384,Asia,8114,0,124,0.0,0.0,0.0
Vatican City,29,0,0,0,29,0,0,0,36025,0,0,0,805,Europe,28,0,0,0.0,0.0,0.0
Marshall Islands,17,2,0,0,7,0,10,0,284,0,0,0,59914,Australia/Oceania,3524,0,0,33.0,0.0,167.0
Western Sahara,10,0,1,0,9,0,0,0,16,2,0,0,623956,Africa,62396,623956,0,0.0,0.0,0.0
MS Zaandam,9,0,2,0,7,0,0,0,0,0,0,0,0,,0,0,0,0.0,0.0,0.0
Niue,8,0,0,0,7,0,1,0,4860,0,0,0,1646,Australia/Oceania,206,0,0,0.0,0.0,608.0
Micronesia,3,2,0,0,1,0,2,0,26,0,0,0,117209,Australia/Oceania,39070,0,0,17.0,0.0,17.0
Nauru,3,0,0,0,3,0,0,0,274,0,0,0,10947,Australia/Oceania,3649,0,0,0.0,0.0,0.0
Saint Helena,2,0,0,0,2,0,0,0,327,0,0,0,6110,Africa,3055,0,0,0.0,0.0,0.0
